{
  "home/Home-dbg.controller.js": 1742812822233,
  "i18n/i18n_en.properties": 1742812822234,
  "home/Home.controller.js": 1742812822233,
  "sample2/index.js": 1742812822236,
  "sample2/Sample2.controller.js": 1742812822236,
  "sample1/index.js": 1742812822236,
  "sample1/Sample1.controller.js": 1742812822235,
  "manifest.json": 1742987187171,
  "luigi-config.js": 1742818641858,
  "Component.js": 1742812822233,
  "manifest-bundle.zip": 1742987187192,
  "Component-preload.js": 1742987187481,
  "sample1/index-dbg.js": 1742812822236,
  "sample2/Sample2-dbg.controller.js": 1742812822236,
  "i18n/i18n.properties": 1742812822234,
  "sample2/index-dbg.js": 1742812822236,
  "sample1/Sample1-dbg.controller.js": 1742812822235,
  "luigi-config-dbg.js": 1742818641858,
  "Component-dbg.js": 1742812822233,
  "sample2/sample2.html": 1742812822236,
  "sample2/Sample2.view.xml": 1742812822236,
  "sample1/sample1.html": 1742812822236,
  "sample1/Sample1.view.xml": 1742812822235,
  "home/Home.view.xml": 1742814386938,
  "openui5.html": 1742812822235,
  "logo.png": 1742812822235,
  "index.html": 1742812822234,
  "favicon.ico": 1742812822233
}